email,username,password,bio,location
ronald38@yahoo.com,tuckerdiane,$2b$12$Q1PUFjhN/AWRQ21LbGYvjeLpZZB6lfZ1BPwifHALGO6oIbyC3CmJe,Movement later fund employee site turn.,Garrettburgh
richard65@martin.net,edward88,$2b$12$Q1PUFjhN/AWRQ21LbGYvjeLpZZB6lfZ1BPwifHALGO6oIbyC3CmJe,Decision professional real each citizen level.,South Aprilmouth
helen38@hotmail.com,joanna15,$2b$12$Q1PUFjhN/AWRQ21LbGYvjeLpZZB6lfZ1BPwifHALGO6oIbyC3CmJe,Maybe key community young ahead.,South Kellymouth
mcdonaldjohn@parks-miller.com,kwilliams,$2b$12$Q1PUFjhN/AWRQ21LbGYvjeLpZZB6lfZ1BPwifHALGO6oIbyC3CmJe,Hotel together show gas seven.,New Harry
ljohnson@grimes-stevens.net,palmermichael,$2b$12$Q1PUFjhN/AWRQ21LbGYvjeLpZZB6lfZ1BPwifHALGO6oIbyC3CmJe,Cell itself institution couple should.,New Candiceburgh
angelicaparker@nguyen.com,becklinda,$2b$12$Q1PUFjhN/AWRQ21LbGYvjeLpZZB6lfZ1BPwifHALGO6oIbyC3CmJe,Concern phone sport whatever professor material.,Jessicaton
laura85@barrett-hunter.com,pattersonangela,$2b$12$Q1PUFjhN/AWRQ21LbGYvjeLpZZB6lfZ1BPwifHALGO6oIbyC3CmJe,Experience at Republican party large option project.,Heatherside
murphyjohn@hernandez-beard.info,crawfordshawn,$2b$12$Q1PUFjhN/AWRQ21LbGYvjeLpZZB6lfZ1BPwifHALGO6oIbyC3CmJe,Resource source beyond beautiful product add mention.,Lake Lindaburgh
bgray@hotmail.com,psampson,$2b$12$Q1PUFjhN/AWRQ21LbGYvjeLpZZB6lfZ1BPwifHALGO6oIbyC3CmJe,Figure seat everybody agency.,Robertsstad
tatemallory@sanford-armstrong.com,wrightgeorge,$2b$12$Q1PUFjhN/AWRQ21LbGYvjeLpZZB6lfZ1BPwifHALGO6oIbyC3CmJe,Often beyond enough why.,East Michellemouth
lauraconner@hotmail.com,webbmark,$2b$12$Q1PUFjhN/AWRQ21LbGYvjeLpZZB6lfZ1BPwifHALGO6oIbyC3CmJe,Spring language his several drop.,Rhondafort
bookerricky@gmail.com,veronicahaynes,$2b$12$Q1PUFjhN/AWRQ21LbGYvjeLpZZB6lfZ1BPwifHALGO6oIbyC3CmJe,Term left view.,Port William
murphytimothy@yahoo.com,stacymartin,$2b$12$Q1PUFjhN/AWRQ21LbGYvjeLpZZB6lfZ1BPwifHALGO6oIbyC3CmJe,Arrive indicate finally.,Wandaberg
timothyritter@gmail.com,mendozabrian,$2b$12$Q1PUFjhN/AWRQ21LbGYvjeLpZZB6lfZ1BPwifHALGO6oIbyC3CmJe,Result team myself western past movie enough.,Petersberg
christophersims@castaneda-soto.com,wjefferson,$2b$12$Q1PUFjhN/AWRQ21LbGYvjeLpZZB6lfZ1BPwifHALGO6oIbyC3CmJe,Start decision go lay.,North Katherinechester
gcherry@mclaughlin.com,kingdonna,$2b$12$Q1PUFjhN/AWRQ21LbGYvjeLpZZB6lfZ1BPwifHALGO6oIbyC3CmJe,View beat service history field.,Lake Roberttown
brian35@lopez.com,andersontroy,$2b$12$Q1PUFjhN/AWRQ21LbGYvjeLpZZB6lfZ1BPwifHALGO6oIbyC3CmJe,Ever late future.,Chenstad
terrydestiny@ramos.net,zwilkins,$2b$12$Q1PUFjhN/AWRQ21LbGYvjeLpZZB6lfZ1BPwifHALGO6oIbyC3CmJe,Role letter site chair pretty coach.,East Charlesberg
scottlori@hotmail.com,ashley13,$2b$12$Q1PUFjhN/AWRQ21LbGYvjeLpZZB6lfZ1BPwifHALGO6oIbyC3CmJe,Form nearly win hit tend society agree.,West Travisfort
hjones@murphy-jacobs.net,tiffanywilson,$2b$12$Q1PUFjhN/AWRQ21LbGYvjeLpZZB6lfZ1BPwifHALGO6oIbyC3CmJe,Region citizen pressure trip.,New Jared
lthomas@gmail.com,qsmith,$2b$12$Q1PUFjhN/AWRQ21LbGYvjeLpZZB6lfZ1BPwifHALGO6oIbyC3CmJe,Company space end.,Joseburgh
larsondavid@yahoo.com,sanchezangela,$2b$12$Q1PUFjhN/AWRQ21LbGYvjeLpZZB6lfZ1BPwifHALGO6oIbyC3CmJe,Country cover commercial billion.,Hamiltonbury
karen78@miller-tyler.com,liulauren,$2b$12$Q1PUFjhN/AWRQ21LbGYvjeLpZZB6lfZ1BPwifHALGO6oIbyC3CmJe,Wall yes between main.,Cardenasburgh
zbowman@hotmail.com,omartinez,$2b$12$Q1PUFjhN/AWRQ21LbGYvjeLpZZB6lfZ1BPwifHALGO6oIbyC3CmJe,Street human expert culture.,Heatherbury
adam18@rodriguez.net,bhill,$2b$12$Q1PUFjhN/AWRQ21LbGYvjeLpZZB6lfZ1BPwifHALGO6oIbyC3CmJe,Drug leave blood world because theory phone event.,East Andrew
bpoole@hanna-adams.com,thomas50,$2b$12$Q1PUFjhN/AWRQ21LbGYvjeLpZZB6lfZ1BPwifHALGO6oIbyC3CmJe,Theory notice guess behind weight.,Waltersborough
randy24@house.com,gomezrobert,$2b$12$Q1PUFjhN/AWRQ21LbGYvjeLpZZB6lfZ1BPwifHALGO6oIbyC3CmJe,Book shoulder similar.,Emilymouth
marylee@walker-garcia.com,nicholastate,$2b$12$Q1PUFjhN/AWRQ21LbGYvjeLpZZB6lfZ1BPwifHALGO6oIbyC3CmJe,Late international management bag firm rather particularly.,North Aaron
bryantrachel@yahoo.com,carneylori,$2b$12$Q1PUFjhN/AWRQ21LbGYvjeLpZZB6lfZ1BPwifHALGO6oIbyC3CmJe,Wall bank yes themselves radio him.,Cochranbury
petersonbrendan@brown.org,jamie01,$2b$12$Q1PUFjhN/AWRQ21LbGYvjeLpZZB6lfZ1BPwifHALGO6oIbyC3CmJe,Trade put drop yard.,Adamborough
kimberlykim@jones.info,qwilson,$2b$12$Q1PUFjhN/AWRQ21LbGYvjeLpZZB6lfZ1BPwifHALGO6oIbyC3CmJe,Shake western professor American.,South Theresa
smithallen@hooper-cruz.com,rebeccarubio,$2b$12$Q1PUFjhN/AWRQ21LbGYvjeLpZZB6lfZ1BPwifHALGO6oIbyC3CmJe,Important work evening manage manage age and carry.,East Maryburgh
dmoon@gmail.com,barryjodi,$2b$12$Q1PUFjhN/AWRQ21LbGYvjeLpZZB6lfZ1BPwifHALGO6oIbyC3CmJe,Point many box in trade develop ever agree.,New Oscarmouth
rcampos@french.com,elizabethhale,$2b$12$Q1PUFjhN/AWRQ21LbGYvjeLpZZB6lfZ1BPwifHALGO6oIbyC3CmJe,Movie manage various technology report development when.,North Renee
jonathansanders@yahoo.com,gclark,$2b$12$Q1PUFjhN/AWRQ21LbGYvjeLpZZB6lfZ1BPwifHALGO6oIbyC3CmJe,According sound piece soon himself single back.,Bettyshire
hevans@gmail.com,nicholasmorgan,$2b$12$Q1PUFjhN/AWRQ21LbGYvjeLpZZB6lfZ1BPwifHALGO6oIbyC3CmJe,Protect away central provide result.,Robinchester
iprince@russell-fletcher.biz,fwilliams,$2b$12$Q1PUFjhN/AWRQ21LbGYvjeLpZZB6lfZ1BPwifHALGO6oIbyC3CmJe,Personal number partner.,Lake Emily
qmurray@hernandez.com,melissarandolph,$2b$12$Q1PUFjhN/AWRQ21LbGYvjeLpZZB6lfZ1BPwifHALGO6oIbyC3CmJe,Third generation give skill without response safe.,Christopherfort
jmiles@yahoo.com,amanda84,$2b$12$Q1PUFjhN/AWRQ21LbGYvjeLpZZB6lfZ1BPwifHALGO6oIbyC3CmJe,Out surface push interview federal.,Longburgh
anthony01@cook.org,steven86,$2b$12$Q1PUFjhN/AWRQ21LbGYvjeLpZZB6lfZ1BPwifHALGO6oIbyC3CmJe,Record what save plan add keep.,Tashaberg
kkane@booth-flynn.com,brenda17,$2b$12$Q1PUFjhN/AWRQ21LbGYvjeLpZZB6lfZ1BPwifHALGO6oIbyC3CmJe,Might north station step own wear stay.,Seanfurt
myerspaul@morton.net,brendaaustin,$2b$12$Q1PUFjhN/AWRQ21LbGYvjeLpZZB6lfZ1BPwifHALGO6oIbyC3CmJe,Total behavior attention.,Acostaborough
james97@yahoo.com,kimberly43,$2b$12$Q1PUFjhN/AWRQ21LbGYvjeLpZZB6lfZ1BPwifHALGO6oIbyC3CmJe,Begin money me young science.,East Gregorymouth
curtis28@gmail.com,hernandezdawn,$2b$12$Q1PUFjhN/AWRQ21LbGYvjeLpZZB6lfZ1BPwifHALGO6oIbyC3CmJe,Treatment better little cover fact commercial.,Dianeside
meverett@hotmail.com,zodom,$2b$12$Q1PUFjhN/AWRQ21LbGYvjeLpZZB6lfZ1BPwifHALGO6oIbyC3CmJe,College scientist season member though outside develop.,Bradleychester
tscott@hotmail.com,rubenwilliams,$2b$12$Q1PUFjhN/AWRQ21LbGYvjeLpZZB6lfZ1BPwifHALGO6oIbyC3CmJe,Product seven power.,Lake Michealhaven
bruceandrew@hughes-scott.com,melvin12,$2b$12$Q1PUFjhN/AWRQ21LbGYvjeLpZZB6lfZ1BPwifHALGO6oIbyC3CmJe,Health actually receive someone upon scene.,Fosterstad
melissa17@wright.com,michaelhays,$2b$12$Q1PUFjhN/AWRQ21LbGYvjeLpZZB6lfZ1BPwifHALGO6oIbyC3CmJe,Particular here for professor someone.,Kendraville
wongjames@jenkins-black.info,nicolehughes,$2b$12$Q1PUFjhN/AWRQ21LbGYvjeLpZZB6lfZ1BPwifHALGO6oIbyC3CmJe,By herself anything gun law.,Claireville
tiffanystevenson@trujillo.net,lorithomas,$2b$12$Q1PUFjhN/AWRQ21LbGYvjeLpZZB6lfZ1BPwifHALGO6oIbyC3CmJe,Put will soon both beyond glass.,Brianberg
turnermarvin@ponce.com,michaellee,$2b$12$Q1PUFjhN/AWRQ21LbGYvjeLpZZB6lfZ1BPwifHALGO6oIbyC3CmJe,Involve even tell.,New Lisa
jeffreywatson@diaz-sandoval.com,carl05,$2b$12$Q1PUFjhN/AWRQ21LbGYvjeLpZZB6lfZ1BPwifHALGO6oIbyC3CmJe,Much society bar face.,Jacobburgh
tina14@gmail.com,michael86,$2b$12$Q1PUFjhN/AWRQ21LbGYvjeLpZZB6lfZ1BPwifHALGO6oIbyC3CmJe,Before forget analysis relationship than former easy economic.,Graymouth
katherineyoung@hotmail.com,eedwards,$2b$12$Q1PUFjhN/AWRQ21LbGYvjeLpZZB6lfZ1BPwifHALGO6oIbyC3CmJe,Inside early statement sit sense include current.,Hendersonland
gregory72@keller.com,sylvia55,$2b$12$Q1PUFjhN/AWRQ21LbGYvjeLpZZB6lfZ1BPwifHALGO6oIbyC3CmJe,Beyond feel similar source change next family analysis.,Lake Angelaview
wlee@jones.biz,afisher,$2b$12$Q1PUFjhN/AWRQ21LbGYvjeLpZZB6lfZ1BPwifHALGO6oIbyC3CmJe,Water approach charge new most.,West Krista
nathan58@smith-liu.net,aprilcolon,$2b$12$Q1PUFjhN/AWRQ21LbGYvjeLpZZB6lfZ1BPwifHALGO6oIbyC3CmJe,Find mean pretty citizen discuss significant.,Port Juan
brandi93@hotmail.com,nathanortiz,$2b$12$Q1PUFjhN/AWRQ21LbGYvjeLpZZB6lfZ1BPwifHALGO6oIbyC3CmJe,Marriage box identify.,Port Douglasmouth
shanealvarez@floyd.com,brian15,$2b$12$Q1PUFjhN/AWRQ21LbGYvjeLpZZB6lfZ1BPwifHALGO6oIbyC3CmJe,Real recognize friend today.,Lake Charlesshire
hendersondiana@yahoo.com,yhogan,$2b$12$Q1PUFjhN/AWRQ21LbGYvjeLpZZB6lfZ1BPwifHALGO6oIbyC3CmJe,Land whole difficult five happy painting particularly.,New Amandaborough
melissakane@hotmail.com,philip65,$2b$12$Q1PUFjhN/AWRQ21LbGYvjeLpZZB6lfZ1BPwifHALGO6oIbyC3CmJe,Career smile tough now deep rule.,West Michael
michael98@guerrero.com,lynchnicole,$2b$12$Q1PUFjhN/AWRQ21LbGYvjeLpZZB6lfZ1BPwifHALGO6oIbyC3CmJe,Relationship threat line character town hospital.,South Edgar
rebecca22@gmail.com,amandataylor,$2b$12$Q1PUFjhN/AWRQ21LbGYvjeLpZZB6lfZ1BPwifHALGO6oIbyC3CmJe,Huge suddenly end mind seek away.,Port Courtney
timothy94@bailey.com,baileycrystal,$2b$12$Q1PUFjhN/AWRQ21LbGYvjeLpZZB6lfZ1BPwifHALGO6oIbyC3CmJe,Heart water able issue bed both executive pretty.,West Vanessachester
haysrachel@lopez-hartman.com,pricematthew,$2b$12$Q1PUFjhN/AWRQ21LbGYvjeLpZZB6lfZ1BPwifHALGO6oIbyC3CmJe,Watch camera list majority.,Port Jessicaport
dennis41@scott.com,ashley40,$2b$12$Q1PUFjhN/AWRQ21LbGYvjeLpZZB6lfZ1BPwifHALGO6oIbyC3CmJe,Benefit better major citizen.,Port Shannonville
evansheidi@combs-oneal.com,imarquez,$2b$12$Q1PUFjhN/AWRQ21LbGYvjeLpZZB6lfZ1BPwifHALGO6oIbyC3CmJe,Participant democratic source call though.,Gregorymouth
barrettpatrick@gomez.org,krista81,$2b$12$Q1PUFjhN/AWRQ21LbGYvjeLpZZB6lfZ1BPwifHALGO6oIbyC3CmJe,Go measure movie front leave total age.,Walterbury
fcooper@herman-williams.com,contreraskelly,$2b$12$Q1PUFjhN/AWRQ21LbGYvjeLpZZB6lfZ1BPwifHALGO6oIbyC3CmJe,Medical toward improve stand light human.,Fowlerstad
reyesmatthew@graham-ali.org,sherrywilson,$2b$12$Q1PUFjhN/AWRQ21LbGYvjeLpZZB6lfZ1BPwifHALGO6oIbyC3CmJe,Artist entire there what much her.,Port Keith
franklindaniel@sims.com,hollanddestiny,$2b$12$Q1PUFjhN/AWRQ21LbGYvjeLpZZB6lfZ1BPwifHALGO6oIbyC3CmJe,Candidate recognize watch.,North Scott
cathymarsh@yahoo.com,tami80,$2b$12$Q1PUFjhN/AWRQ21LbGYvjeLpZZB6lfZ1BPwifHALGO6oIbyC3CmJe,Social hand performance arm.,Lynnport
clarkmartin@yahoo.com,zyoung,$2b$12$Q1PUFjhN/AWRQ21LbGYvjeLpZZB6lfZ1BPwifHALGO6oIbyC3CmJe,Certain simply require begin plant.,West Deborah
jackdaniels@burnett-stevens.com,kennethgriffith,$2b$12$Q1PUFjhN/AWRQ21LbGYvjeLpZZB6lfZ1BPwifHALGO6oIbyC3CmJe,Stand investment bed food writer.,Townsendview
baileyroger@harris.net,blackbeth,$2b$12$Q1PUFjhN/AWRQ21LbGYvjeLpZZB6lfZ1BPwifHALGO6oIbyC3CmJe,Writer next stop world deal allow.,West Joseph
margaretmccoy@hotmail.com,zperez,$2b$12$Q1PUFjhN/AWRQ21LbGYvjeLpZZB6lfZ1BPwifHALGO6oIbyC3CmJe,Lot have large foreign even.,Tinaport
kevin72@johnson.com,ylong,$2b$12$Q1PUFjhN/AWRQ21LbGYvjeLpZZB6lfZ1BPwifHALGO6oIbyC3CmJe,Collection contain rich summer.,West Sandra
jgarrison@yahoo.com,andreaanderson,$2b$12$Q1PUFjhN/AWRQ21LbGYvjeLpZZB6lfZ1BPwifHALGO6oIbyC3CmJe,Still thing myself coach quality customer difficult.,Harrisville
williamlove@gmail.com,hstephenson,$2b$12$Q1PUFjhN/AWRQ21LbGYvjeLpZZB6lfZ1BPwifHALGO6oIbyC3CmJe,Allow lose trouble next able charge debate.,North Philipview
mary00@yahoo.com,mooreryan,$2b$12$Q1PUFjhN/AWRQ21LbGYvjeLpZZB6lfZ1BPwifHALGO6oIbyC3CmJe,Game rest general believe worry radio.,Donnamouth
johnmorse@love.com,jessica34,$2b$12$Q1PUFjhN/AWRQ21LbGYvjeLpZZB6lfZ1BPwifHALGO6oIbyC3CmJe,Worry more prove character know explain.,West Jenna
hilladriana@gmail.com,gardnerpatrick,$2b$12$Q1PUFjhN/AWRQ21LbGYvjeLpZZB6lfZ1BPwifHALGO6oIbyC3CmJe,Technology newspaper attack list like thank lay.,Lambertville
michellechase@gmail.com,sdecker,$2b$12$Q1PUFjhN/AWRQ21LbGYvjeLpZZB6lfZ1BPwifHALGO6oIbyC3CmJe,Open mind could democratic ten believe.,Clementsburgh
willisbarry@yahoo.com,devin29,$2b$12$Q1PUFjhN/AWRQ21LbGYvjeLpZZB6lfZ1BPwifHALGO6oIbyC3CmJe,Enjoy begin particularly write there.,Connermouth
bergpaige@hall.com,dshelton,$2b$12$Q1PUFjhN/AWRQ21LbGYvjeLpZZB6lfZ1BPwifHALGO6oIbyC3CmJe,War high safe policy half chair trade.,South Michael
kristin47@jones.com,reneemason,$2b$12$Q1PUFjhN/AWRQ21LbGYvjeLpZZB6lfZ1BPwifHALGO6oIbyC3CmJe,Produce sit gas create black old consider.,Maryshire
dwilson@martin.org,michaeladams,$2b$12$Q1PUFjhN/AWRQ21LbGYvjeLpZZB6lfZ1BPwifHALGO6oIbyC3CmJe,Rich close eight yeah however according opportunity.,Melaniefort
jennifer38@gmail.com,williamsgina,$2b$12$Q1PUFjhN/AWRQ21LbGYvjeLpZZB6lfZ1BPwifHALGO6oIbyC3CmJe,Teacher create bag want treatment.,North Barbara
georgecarrie@hotmail.com,melaniejones,$2b$12$Q1PUFjhN/AWRQ21LbGYvjeLpZZB6lfZ1BPwifHALGO6oIbyC3CmJe,Listen media military sit.,Allisonstad
ericaortiz@gmail.com,rasmussenjenna,$2b$12$Q1PUFjhN/AWRQ21LbGYvjeLpZZB6lfZ1BPwifHALGO6oIbyC3CmJe,Color sport game television beautiful tend.,Rodneybury
davidmacdonald@yahoo.com,williamslaura,$2b$12$Q1PUFjhN/AWRQ21LbGYvjeLpZZB6lfZ1BPwifHALGO6oIbyC3CmJe,Impact bring sure these executive.,Williamsfort
xespinoza@yahoo.com,mackenzie73,$2b$12$Q1PUFjhN/AWRQ21LbGYvjeLpZZB6lfZ1BPwifHALGO6oIbyC3CmJe,Whether all institution air Democrat have.,Port Jennifer
fproctor@hotmail.com,elizabeth99,$2b$12$Q1PUFjhN/AWRQ21LbGYvjeLpZZB6lfZ1BPwifHALGO6oIbyC3CmJe,Hot far upon whether impact seat important.,Longborough
gwilliams@black.biz,benjamin66,$2b$12$Q1PUFjhN/AWRQ21LbGYvjeLpZZB6lfZ1BPwifHALGO6oIbyC3CmJe,Purpose charge imagine what city value.,South Jasonfurt
singletonkimberly@hotmail.com,hancockbrandi,$2b$12$Q1PUFjhN/AWRQ21LbGYvjeLpZZB6lfZ1BPwifHALGO6oIbyC3CmJe,Teacher man too before test.,Villanuevahaven
chelsea22@yahoo.com,kleinjeremy,$2b$12$Q1PUFjhN/AWRQ21LbGYvjeLpZZB6lfZ1BPwifHALGO6oIbyC3CmJe,Fact play grow up condition.,Johnside
gardnermaria@johnson.org,kristen84,$2b$12$Q1PUFjhN/AWRQ21LbGYvjeLpZZB6lfZ1BPwifHALGO6oIbyC3CmJe,Young magazine woman other product hospital lead.,New Michaelside
smithmichelle@benton.com,louisbrady,$2b$12$Q1PUFjhN/AWRQ21LbGYvjeLpZZB6lfZ1BPwifHALGO6oIbyC3CmJe,Turn born deep ahead way suddenly although Mrs.,Davidhaven
allenrussell@murray.com,gomezcindy,$2b$12$Q1PUFjhN/AWRQ21LbGYvjeLpZZB6lfZ1BPwifHALGO6oIbyC3CmJe,During language leave like institution religious.,Thompsonhaven
cbradshaw@gonzales.info,hortonmallory,$2b$12$Q1PUFjhN/AWRQ21LbGYvjeLpZZB6lfZ1BPwifHALGO6oIbyC3CmJe,Back market mission.,Lake William
yjohnson@williams.org,joshuamckay,$2b$12$Q1PUFjhN/AWRQ21LbGYvjeLpZZB6lfZ1BPwifHALGO6oIbyC3CmJe,Should like lot between.,Desireestad
ymorgan@leon-hurst.org,jdavis,$2b$12$Q1PUFjhN/AWRQ21LbGYvjeLpZZB6lfZ1BPwifHALGO6oIbyC3CmJe,Friend smile study child kitchen station agency.,Nicholasside
james51@gmail.com,michaeladriana,$2b$12$Q1PUFjhN/AWRQ21LbGYvjeLpZZB6lfZ1BPwifHALGO6oIbyC3CmJe,Interview time difficult special when goal.,West Anthonyport
tammy50@gmail.com,hannahgregory,$2b$12$Q1PUFjhN/AWRQ21LbGYvjeLpZZB6lfZ1BPwifHALGO6oIbyC3CmJe,Edge leave effect mind amount peace themselves.,Adrianmouth
harrisnicole@gmail.com,wheelerdebra,$2b$12$Q1PUFjhN/AWRQ21LbGYvjeLpZZB6lfZ1BPwifHALGO6oIbyC3CmJe,Red often course table.,Lake Francisco
ryanlandry@jackson.com,wesleyolsen,$2b$12$Q1PUFjhN/AWRQ21LbGYvjeLpZZB6lfZ1BPwifHALGO6oIbyC3CmJe,Consider full garden citizen since our computer maybe.,West Jeffreyville
diana65@hotmail.com,heatherross,$2b$12$Q1PUFjhN/AWRQ21LbGYvjeLpZZB6lfZ1BPwifHALGO6oIbyC3CmJe,Cost civil nearly laugh skill laugh pretty remain.,North Raven
sparksmichelle@gmail.com,craig96,$2b$12$Q1PUFjhN/AWRQ21LbGYvjeLpZZB6lfZ1BPwifHALGO6oIbyC3CmJe,Offer free two space seem something ability.,Port Theodorebury
lmyers@hotmail.com,kathycarroll,$2b$12$Q1PUFjhN/AWRQ21LbGYvjeLpZZB6lfZ1BPwifHALGO6oIbyC3CmJe,Father bed forward.,North Timothybury
andersonsean@gmail.com,ekane,$2b$12$Q1PUFjhN/AWRQ21LbGYvjeLpZZB6lfZ1BPwifHALGO6oIbyC3CmJe,Student message meeting drive almost certainly.,Carlport
harrisjames@jackson.com,pellis,$2b$12$Q1PUFjhN/AWRQ21LbGYvjeLpZZB6lfZ1BPwifHALGO6oIbyC3CmJe,Total management office baby range.,South Carla
mwilson@grant-cardenas.org,kristinparker,$2b$12$Q1PUFjhN/AWRQ21LbGYvjeLpZZB6lfZ1BPwifHALGO6oIbyC3CmJe,Pressure particularly brother listen ever right you.,Johnsonmouth
everettrobert@wilson-hutchinson.org,houstonstephanie,$2b$12$Q1PUFjhN/AWRQ21LbGYvjeLpZZB6lfZ1BPwifHALGO6oIbyC3CmJe,Set as range trouble.,Lake Donna
perrychristine@gray.com,waltermichael,$2b$12$Q1PUFjhN/AWRQ21LbGYvjeLpZZB6lfZ1BPwifHALGO6oIbyC3CmJe,Recognize offer after science range collection night.,Debbieburgh
floresabigail@gmail.com,bartonannette,$2b$12$Q1PUFjhN/AWRQ21LbGYvjeLpZZB6lfZ1BPwifHALGO6oIbyC3CmJe,Tough century realize another program.,Lake Christopherchester
millerjennifer@powell-dillon.com,baileyashley,$2b$12$Q1PUFjhN/AWRQ21LbGYvjeLpZZB6lfZ1BPwifHALGO6oIbyC3CmJe,Than less left method.,East Jameschester
vking@yahoo.com,stephaniegarcia,$2b$12$Q1PUFjhN/AWRQ21LbGYvjeLpZZB6lfZ1BPwifHALGO6oIbyC3CmJe,Part economic public realize again TV.,West Kimberlychester
crosstrevor@ross-velez.com,ocastillo,$2b$12$Q1PUFjhN/AWRQ21LbGYvjeLpZZB6lfZ1BPwifHALGO6oIbyC3CmJe,All cut sister.,Lanetown
alexanderpowers@gmail.com,gutierrezmatthew,$2b$12$Q1PUFjhN/AWRQ21LbGYvjeLpZZB6lfZ1BPwifHALGO6oIbyC3CmJe,Say PM again series red.,Port Tiffany
ldavidson@yahoo.com,zhunt,$2b$12$Q1PUFjhN/AWRQ21LbGYvjeLpZZB6lfZ1BPwifHALGO6oIbyC3CmJe,Cut a station number success charge pattern.,North Matthew
jessica78@taylor-coffey.com,terriryan,$2b$12$Q1PUFjhN/AWRQ21LbGYvjeLpZZB6lfZ1BPwifHALGO6oIbyC3CmJe,Drug suffer give.,South Robertside
imcintyre@wright-walker.com,rayjennifer,$2b$12$Q1PUFjhN/AWRQ21LbGYvjeLpZZB6lfZ1BPwifHALGO6oIbyC3CmJe,Whom everybody close bank eat business service.,South Stevenland
catherinemeyer@hartman.com,dennissanders,$2b$12$Q1PUFjhN/AWRQ21LbGYvjeLpZZB6lfZ1BPwifHALGO6oIbyC3CmJe,Very head one man.,New Ryanberg
kevin55@daniel.com,mariah90,$2b$12$Q1PUFjhN/AWRQ21LbGYvjeLpZZB6lfZ1BPwifHALGO6oIbyC3CmJe,Tree find a drop level.,North Nathanielshire
lindamalone@gmail.com,alexanderbuchanan,$2b$12$Q1PUFjhN/AWRQ21LbGYvjeLpZZB6lfZ1BPwifHALGO6oIbyC3CmJe,Issue line race leg.,Wongview
jeffrey90@mayo.biz,tanyamathis,$2b$12$Q1PUFjhN/AWRQ21LbGYvjeLpZZB6lfZ1BPwifHALGO6oIbyC3CmJe,Us usually already actually score.,West Kathryn
madisonrodriguez@hotmail.com,michael25,$2b$12$Q1PUFjhN/AWRQ21LbGYvjeLpZZB6lfZ1BPwifHALGO6oIbyC3CmJe,South ago allow.,New Leonardville
ubell@barrett-henderson.com,kennethflynn,$2b$12$Q1PUFjhN/AWRQ21LbGYvjeLpZZB6lfZ1BPwifHALGO6oIbyC3CmJe,Include item foreign occur do.,New Kimberly
crobinson@young.com,thompsonadam,$2b$12$Q1PUFjhN/AWRQ21LbGYvjeLpZZB6lfZ1BPwifHALGO6oIbyC3CmJe,Recognize hair strong card enough attention.,Port Michelle
ayoung@howe-abbott.com,lisawiggins,$2b$12$Q1PUFjhN/AWRQ21LbGYvjeLpZZB6lfZ1BPwifHALGO6oIbyC3CmJe,Manage fine soon radio its.,Josephtown
jturner@hotmail.com,lisa75,$2b$12$Q1PUFjhN/AWRQ21LbGYvjeLpZZB6lfZ1BPwifHALGO6oIbyC3CmJe,Opportunity tree maybe like true street.,West Kim
april35@gmail.com,ronald58,$2b$12$Q1PUFjhN/AWRQ21LbGYvjeLpZZB6lfZ1BPwifHALGO6oIbyC3CmJe,Image task bill she accept newspaper.,West Mary
hlyons@yahoo.com,catherine55,$2b$12$Q1PUFjhN/AWRQ21LbGYvjeLpZZB6lfZ1BPwifHALGO6oIbyC3CmJe,Right military real according fly.,Lake Beverlyfort
jeffery88@hotmail.com,leonardmarc,$2b$12$Q1PUFjhN/AWRQ21LbGYvjeLpZZB6lfZ1BPwifHALGO6oIbyC3CmJe,Daughter third news white.,Port Aprilshire
brianmcintyre@hotmail.com,susan35,$2b$12$Q1PUFjhN/AWRQ21LbGYvjeLpZZB6lfZ1BPwifHALGO6oIbyC3CmJe,Expert rich throughout from seven.,West Davidshire
matthewnichols@brown.net,lwest,$2b$12$Q1PUFjhN/AWRQ21LbGYvjeLpZZB6lfZ1BPwifHALGO6oIbyC3CmJe,Thought author some alone ahead great.,Lewisport
ylevine@poole.com,katie70,$2b$12$Q1PUFjhN/AWRQ21LbGYvjeLpZZB6lfZ1BPwifHALGO6oIbyC3CmJe,Maybe poor send.,North Michelle
gregoryedwards@gmail.com,amandachavez,$2b$12$Q1PUFjhN/AWRQ21LbGYvjeLpZZB6lfZ1BPwifHALGO6oIbyC3CmJe,Part people result huge environment.,Palmerburgh
ncalderon@jordan.com,melissa00,$2b$12$Q1PUFjhN/AWRQ21LbGYvjeLpZZB6lfZ1BPwifHALGO6oIbyC3CmJe,Personal gas wall contain stage our.,East Garyborough
cevans@hotmail.com,jacobbrown,$2b$12$Q1PUFjhN/AWRQ21LbGYvjeLpZZB6lfZ1BPwifHALGO6oIbyC3CmJe,Gun left international source address middle.,Amandamouth
marygarcia@osborn-ray.org,fisherrobert,$2b$12$Q1PUFjhN/AWRQ21LbGYvjeLpZZB6lfZ1BPwifHALGO6oIbyC3CmJe,From natural environment.,Michaelside
sjordan@yahoo.com,petergarcia,$2b$12$Q1PUFjhN/AWRQ21LbGYvjeLpZZB6lfZ1BPwifHALGO6oIbyC3CmJe,Create develop act fund.,North Vincentbury
graybrandi@yahoo.com,jason56,$2b$12$Q1PUFjhN/AWRQ21LbGYvjeLpZZB6lfZ1BPwifHALGO6oIbyC3CmJe,Truth quite in.,Port Joshua
jamesgibbs@lynn.com,kimberly88,$2b$12$Q1PUFjhN/AWRQ21LbGYvjeLpZZB6lfZ1BPwifHALGO6oIbyC3CmJe,Head upon series.,Jacksonmouth
okennedy@hotmail.com,xrice,$2b$12$Q1PUFjhN/AWRQ21LbGYvjeLpZZB6lfZ1BPwifHALGO6oIbyC3CmJe,Relationship book rest teacher how say.,South Aarontown
walterwright@hotmail.com,bellchristine,$2b$12$Q1PUFjhN/AWRQ21LbGYvjeLpZZB6lfZ1BPwifHALGO6oIbyC3CmJe,Brother woman same interview doctor.,East Alexbury
kellydonald@hotmail.com,michael61,$2b$12$Q1PUFjhN/AWRQ21LbGYvjeLpZZB6lfZ1BPwifHALGO6oIbyC3CmJe,Expert prevent tell fall fall win exist.,Michaelport
ujones@yahoo.com,chelseygrant,$2b$12$Q1PUFjhN/AWRQ21LbGYvjeLpZZB6lfZ1BPwifHALGO6oIbyC3CmJe,Consumer her one another ground suddenly already.,West Brandi
wilcoxwilliam@brown.com,portermichael,$2b$12$Q1PUFjhN/AWRQ21LbGYvjeLpZZB6lfZ1BPwifHALGO6oIbyC3CmJe,Floor door real determine.,Timothyview
smithlaura@jackson.net,sgray,$2b$12$Q1PUFjhN/AWRQ21LbGYvjeLpZZB6lfZ1BPwifHALGO6oIbyC3CmJe,Year commercial professional evening TV student.,Port Ronald
amy30@ellis.com,johnvargas,$2b$12$Q1PUFjhN/AWRQ21LbGYvjeLpZZB6lfZ1BPwifHALGO6oIbyC3CmJe,Rise stop leg stage than.,Millerfurt
mezajulie@smith.net,ostark,$2b$12$Q1PUFjhN/AWRQ21LbGYvjeLpZZB6lfZ1BPwifHALGO6oIbyC3CmJe,Think up approach smile necessary reach huge.,Port Cody
amandabrown@yahoo.com,kellyanne,$2b$12$Q1PUFjhN/AWRQ21LbGYvjeLpZZB6lfZ1BPwifHALGO6oIbyC3CmJe,Usually participant world three.,Lake Veronica
brandy96@farmer-valdez.com,alyssa01,$2b$12$Q1PUFjhN/AWRQ21LbGYvjeLpZZB6lfZ1BPwifHALGO6oIbyC3CmJe,Section table method.,South Christinaland
palmertonya@allen.com,irogers,$2b$12$Q1PUFjhN/AWRQ21LbGYvjeLpZZB6lfZ1BPwifHALGO6oIbyC3CmJe,Within once national environmental.,Dianaside
lhayes@yahoo.com,rogersgene,$2b$12$Q1PUFjhN/AWRQ21LbGYvjeLpZZB6lfZ1BPwifHALGO6oIbyC3CmJe,Hit music century environmental president toward.,East Joshuamouth
hamptonmegan@yahoo.com,dmoody,$2b$12$Q1PUFjhN/AWRQ21LbGYvjeLpZZB6lfZ1BPwifHALGO6oIbyC3CmJe,Visit impact simply space four.,Edwardsfurt
robert97@gmail.com,dawncook,$2b$12$Q1PUFjhN/AWRQ21LbGYvjeLpZZB6lfZ1BPwifHALGO6oIbyC3CmJe,As recognize be dark close water air.,Erikborough
brittneysoto@thomas.com,kimberlysnyder,$2b$12$Q1PUFjhN/AWRQ21LbGYvjeLpZZB6lfZ1BPwifHALGO6oIbyC3CmJe,Employee audience business must Congress analysis then.,Port Elizabethmouth
laura23@wright-young.com,clarkjohn,$2b$12$Q1PUFjhN/AWRQ21LbGYvjeLpZZB6lfZ1BPwifHALGO6oIbyC3CmJe,Place may return guess teacher.,North Sara
thomasrichard@gmail.com,ctaylor,$2b$12$Q1PUFjhN/AWRQ21LbGYvjeLpZZB6lfZ1BPwifHALGO6oIbyC3CmJe,Chance source cause direction your book street.,West Staceytown
scottgilbert@hendrix.com,amyrussell,$2b$12$Q1PUFjhN/AWRQ21LbGYvjeLpZZB6lfZ1BPwifHALGO6oIbyC3CmJe,Professional herself town raise century senior wide.,Lake Steven
gonzalezamy@roberson.com,michaeljones,$2b$12$Q1PUFjhN/AWRQ21LbGYvjeLpZZB6lfZ1BPwifHALGO6oIbyC3CmJe,Them cultural country share participant unit position.,Smithborough
richardsonmichael@sawyer.com,gdavis,$2b$12$Q1PUFjhN/AWRQ21LbGYvjeLpZZB6lfZ1BPwifHALGO6oIbyC3CmJe,Even song soon several television paper wrong.,Lake Sarah
christopher51@pierce.com,danielle54,$2b$12$Q1PUFjhN/AWRQ21LbGYvjeLpZZB6lfZ1BPwifHALGO6oIbyC3CmJe,Leg figure beautiful fight.,Chapmanhaven
hernandezbradley@king.com,rossjared,$2b$12$Q1PUFjhN/AWRQ21LbGYvjeLpZZB6lfZ1BPwifHALGO6oIbyC3CmJe,Into well story town painting.,Gutierrezfort
davidsonrebekah@yahoo.com,timothy15,$2b$12$Q1PUFjhN/AWRQ21LbGYvjeLpZZB6lfZ1BPwifHALGO6oIbyC3CmJe,Ok ten should concern help official recognize.,Lisaborough
jenniferwashington@white.org,smithtracey,$2b$12$Q1PUFjhN/AWRQ21LbGYvjeLpZZB6lfZ1BPwifHALGO6oIbyC3CmJe,Middle song hear cost although number.,Clayview
fosterdonald@yahoo.com,qedwards,$2b$12$Q1PUFjhN/AWRQ21LbGYvjeLpZZB6lfZ1BPwifHALGO6oIbyC3CmJe,Plant trouble subject skin sort still.,Vasquezport
davisfrank@sullivan.info,kchavez,$2b$12$Q1PUFjhN/AWRQ21LbGYvjeLpZZB6lfZ1BPwifHALGO6oIbyC3CmJe,Necessary week check.,Port Brandonport
flester@dunn.com,nicolas45,$2b$12$Q1PUFjhN/AWRQ21LbGYvjeLpZZB6lfZ1BPwifHALGO6oIbyC3CmJe,Majority best gas reach team.,Miguelport
mendezmark@scott.com,kmccarty,$2b$12$Q1PUFjhN/AWRQ21LbGYvjeLpZZB6lfZ1BPwifHALGO6oIbyC3CmJe,Their team commercial public executive.,Lake Michael
robinsoncharles@gmail.com,amanda23,$2b$12$Q1PUFjhN/AWRQ21LbGYvjeLpZZB6lfZ1BPwifHALGO6oIbyC3CmJe,Establish right right research now generation.,Bellbury
comptonanne@yahoo.com,michael65,$2b$12$Q1PUFjhN/AWRQ21LbGYvjeLpZZB6lfZ1BPwifHALGO6oIbyC3CmJe,First level kid painting southern.,Port Amy
melissa63@robinson.net,poolematthew,$2b$12$Q1PUFjhN/AWRQ21LbGYvjeLpZZB6lfZ1BPwifHALGO6oIbyC3CmJe,Town most go social our sure data them.,North Rachel
stewartjulia@gmail.com,rodriguezkimberly,$2b$12$Q1PUFjhN/AWRQ21LbGYvjeLpZZB6lfZ1BPwifHALGO6oIbyC3CmJe,Every capital smile art.,Richardbury
xstevens@yahoo.com,williamgarcia,$2b$12$Q1PUFjhN/AWRQ21LbGYvjeLpZZB6lfZ1BPwifHALGO6oIbyC3CmJe,Least message just effort campaign because.,Wrightmouth
thorntondaniel@yahoo.com,benjamin37,$2b$12$Q1PUFjhN/AWRQ21LbGYvjeLpZZB6lfZ1BPwifHALGO6oIbyC3CmJe,Son join area always television house true.,Lake Elijah
peter09@yahoo.com,samuel87,$2b$12$Q1PUFjhN/AWRQ21LbGYvjeLpZZB6lfZ1BPwifHALGO6oIbyC3CmJe,Author education perform will ability.,Lake Ryan
dannyaustin@villanueva.info,manuelmathis,$2b$12$Q1PUFjhN/AWRQ21LbGYvjeLpZZB6lfZ1BPwifHALGO6oIbyC3CmJe,Game himself policy term or government.,New Carlos
rosetammy@yahoo.com,mfaulkner,$2b$12$Q1PUFjhN/AWRQ21LbGYvjeLpZZB6lfZ1BPwifHALGO6oIbyC3CmJe,Million own black fish report very.,Hamiltonmouth
fgreen@david.com,quinndamon,$2b$12$Q1PUFjhN/AWRQ21LbGYvjeLpZZB6lfZ1BPwifHALGO6oIbyC3CmJe,Five unit order now leg.,South Michael
jeff88@vega.com,robertsonrebecca,$2b$12$Q1PUFjhN/AWRQ21LbGYvjeLpZZB6lfZ1BPwifHALGO6oIbyC3CmJe,Rule without move writer top.,North Hollymouth
ymitchell@gmail.com,cindycohen,$2b$12$Q1PUFjhN/AWRQ21LbGYvjeLpZZB6lfZ1BPwifHALGO6oIbyC3CmJe,Become black white.,Hudsonburgh
melanieross@garcia.com,rodriguezmiguel,$2b$12$Q1PUFjhN/AWRQ21LbGYvjeLpZZB6lfZ1BPwifHALGO6oIbyC3CmJe,Improve space final you fear magazine.,Lake Jessica
ronaldmoore@yahoo.com,sherry38,$2b$12$Q1PUFjhN/AWRQ21LbGYvjeLpZZB6lfZ1BPwifHALGO6oIbyC3CmJe,Agree tough ability send person.,Lake Jacob
julia05@ryan.com,jeancampbell,$2b$12$Q1PUFjhN/AWRQ21LbGYvjeLpZZB6lfZ1BPwifHALGO6oIbyC3CmJe,Floor kid various.,West Alexmouth
dbrown@gmail.com,kimberlymedina,$2b$12$Q1PUFjhN/AWRQ21LbGYvjeLpZZB6lfZ1BPwifHALGO6oIbyC3CmJe,Ground occur physical fill science.,New Johnshire
johnsonjohn@gmail.com,jeffreyschroeder,$2b$12$Q1PUFjhN/AWRQ21LbGYvjeLpZZB6lfZ1BPwifHALGO6oIbyC3CmJe,Yard apply subject may wear only less unit.,Virginiaton
billy61@gmail.com,isharp,$2b$12$Q1PUFjhN/AWRQ21LbGYvjeLpZZB6lfZ1BPwifHALGO6oIbyC3CmJe,Ten much one laugh standard huge.,Lake Karabury
stricklandthomas@gmail.com,gday,$2b$12$Q1PUFjhN/AWRQ21LbGYvjeLpZZB6lfZ1BPwifHALGO6oIbyC3CmJe,Short wait hit although street.,New Christopher
karenbates@hotmail.com,steelenatalie,$2b$12$Q1PUFjhN/AWRQ21LbGYvjeLpZZB6lfZ1BPwifHALGO6oIbyC3CmJe,Tell almost kitchen part significant.,Lake Joseton
huffjonathan@moore.com,egraham,$2b$12$Q1PUFjhN/AWRQ21LbGYvjeLpZZB6lfZ1BPwifHALGO6oIbyC3CmJe,Policy building lead down push.,East Melissa
wmacdonald@simmons.com,faulknerpaige,$2b$12$Q1PUFjhN/AWRQ21LbGYvjeLpZZB6lfZ1BPwifHALGO6oIbyC3CmJe,Girl read form subject figure.,Myersmouth
cynthia61@king.com,kiarapowell,$2b$12$Q1PUFjhN/AWRQ21LbGYvjeLpZZB6lfZ1BPwifHALGO6oIbyC3CmJe,Choose still travel visit small high officer.,North Kennethbury
brittney04@hotmail.com,bradleyarnold,$2b$12$Q1PUFjhN/AWRQ21LbGYvjeLpZZB6lfZ1BPwifHALGO6oIbyC3CmJe,Sit for agree event believe focus child.,Cookstad
laurahall@yahoo.com,velasquezkevin,$2b$12$Q1PUFjhN/AWRQ21LbGYvjeLpZZB6lfZ1BPwifHALGO6oIbyC3CmJe,Usually catch speech vote husband when.,Laurafurt
charlesevans@chavez.com,richardsdouglas,$2b$12$Q1PUFjhN/AWRQ21LbGYvjeLpZZB6lfZ1BPwifHALGO6oIbyC3CmJe,Perform training media action edge market at.,Brownstad
leroy02@gmail.com,mirandawilliams,$2b$12$Q1PUFjhN/AWRQ21LbGYvjeLpZZB6lfZ1BPwifHALGO6oIbyC3CmJe,Pretty write the sound.,New Zacharychester
wgriffith@gutierrez-wilcox.info,vharvey,$2b$12$Q1PUFjhN/AWRQ21LbGYvjeLpZZB6lfZ1BPwifHALGO6oIbyC3CmJe,Baby fight performance be.,West Christopher
bishopdaniel@gmail.com,jbenton,$2b$12$Q1PUFjhN/AWRQ21LbGYvjeLpZZB6lfZ1BPwifHALGO6oIbyC3CmJe,Behavior most marriage with.,Robinsonborough
malexander@chang-wong.com,qjordan,$2b$12$Q1PUFjhN/AWRQ21LbGYvjeLpZZB6lfZ1BPwifHALGO6oIbyC3CmJe,Total within data three serve.,South Mary
reynoldsmelissa@gmail.com,summergriffith,$2b$12$Q1PUFjhN/AWRQ21LbGYvjeLpZZB6lfZ1BPwifHALGO6oIbyC3CmJe,Apply meeting eye beautiful shake top.,Fernandezmouth
dlane@wilson-nixon.biz,cathy17,$2b$12$Q1PUFjhN/AWRQ21LbGYvjeLpZZB6lfZ1BPwifHALGO6oIbyC3CmJe,Can research here pull.,Scottshire
tcoleman@yahoo.com,pamela33,$2b$12$Q1PUFjhN/AWRQ21LbGYvjeLpZZB6lfZ1BPwifHALGO6oIbyC3CmJe,Financial if third manager lay fire game husband.,Danielchester
danielhaynes@gmail.com,evelyn26,$2b$12$Q1PUFjhN/AWRQ21LbGYvjeLpZZB6lfZ1BPwifHALGO6oIbyC3CmJe,Wide stock forward big hold both scientist.,North Hayden
martinmartha@hotmail.com,paul59,$2b$12$Q1PUFjhN/AWRQ21LbGYvjeLpZZB6lfZ1BPwifHALGO6oIbyC3CmJe,Because method ahead point more tough yes.,Charlesside
katherinemendoza@simpson.com,pricechelsea,$2b$12$Q1PUFjhN/AWRQ21LbGYvjeLpZZB6lfZ1BPwifHALGO6oIbyC3CmJe,However identify civil.,Myerstown
deleonbrittany@hotmail.com,hollandalex,$2b$12$Q1PUFjhN/AWRQ21LbGYvjeLpZZB6lfZ1BPwifHALGO6oIbyC3CmJe,Else chair myself pass body today.,Morrisville
millssteven@mercado-lane.com,dlee,$2b$12$Q1PUFjhN/AWRQ21LbGYvjeLpZZB6lfZ1BPwifHALGO6oIbyC3CmJe,Whose business poor establish.,Huangchester
michelle97@wilson.com,daniel73,$2b$12$Q1PUFjhN/AWRQ21LbGYvjeLpZZB6lfZ1BPwifHALGO6oIbyC3CmJe,Have behind free own behind deep.,Kristinmouth
lwells@barrera.biz,frank29,$2b$12$Q1PUFjhN/AWRQ21LbGYvjeLpZZB6lfZ1BPwifHALGO6oIbyC3CmJe,System different sound speak.,Lake Kelly
paulramos@lopez.com,scottjoshua,$2b$12$Q1PUFjhN/AWRQ21LbGYvjeLpZZB6lfZ1BPwifHALGO6oIbyC3CmJe,With so a often.,Port Karenport
lisa86@yahoo.com,cunninghamkevin,$2b$12$Q1PUFjhN/AWRQ21LbGYvjeLpZZB6lfZ1BPwifHALGO6oIbyC3CmJe,Be store reason direction side.,Kerrmouth
abush@yahoo.com,usmith,$2b$12$Q1PUFjhN/AWRQ21LbGYvjeLpZZB6lfZ1BPwifHALGO6oIbyC3CmJe,Cut down sea scientist Republican court.,Heathermouth
samantha99@noble-miller.com,kinglarry,$2b$12$Q1PUFjhN/AWRQ21LbGYvjeLpZZB6lfZ1BPwifHALGO6oIbyC3CmJe,Seem little interesting.,East Erin
wwilliams@hotmail.com,jefferyhughes,$2b$12$Q1PUFjhN/AWRQ21LbGYvjeLpZZB6lfZ1BPwifHALGO6oIbyC3CmJe,Experience special measure rather man town.,Benjamintown
davissamantha@miles-nguyen.com,hawkinschristopher,$2b$12$Q1PUFjhN/AWRQ21LbGYvjeLpZZB6lfZ1BPwifHALGO6oIbyC3CmJe,Affect environmental compare yeah sit various campaign.,Port Malikbury
andrewmorgan@hotmail.com,susan10,$2b$12$Q1PUFjhN/AWRQ21LbGYvjeLpZZB6lfZ1BPwifHALGO6oIbyC3CmJe,Goal do cold mind never message friend.,West Jenniferberg
stevensonterri@hotmail.com,davidgreen,$2b$12$Q1PUFjhN/AWRQ21LbGYvjeLpZZB6lfZ1BPwifHALGO6oIbyC3CmJe,Never information the group full top.,Paulview
courtneyavery@gmail.com,ojohnson,$2b$12$Q1PUFjhN/AWRQ21LbGYvjeLpZZB6lfZ1BPwifHALGO6oIbyC3CmJe,Worry strategy begin somebody democratic.,East Theresashire
danielle48@edwards-casey.com,laurareyes,$2b$12$Q1PUFjhN/AWRQ21LbGYvjeLpZZB6lfZ1BPwifHALGO6oIbyC3CmJe,Risk range realize heart help me guess its.,East Margaretfort
robin91@carlson-santos.com,dcochran,$2b$12$Q1PUFjhN/AWRQ21LbGYvjeLpZZB6lfZ1BPwifHALGO6oIbyC3CmJe,Month include certainly possible program.,Malikmouth
williamsblake@newman.com,michelle85,$2b$12$Q1PUFjhN/AWRQ21LbGYvjeLpZZB6lfZ1BPwifHALGO6oIbyC3CmJe,Consider now teacher risk.,Edwardsshire
parkerpaula@yahoo.com,sarah39,$2b$12$Q1PUFjhN/AWRQ21LbGYvjeLpZZB6lfZ1BPwifHALGO6oIbyC3CmJe,Compare firm total our story.,Vasquezburgh
tmurray@allen.com,kirkcarl,$2b$12$Q1PUFjhN/AWRQ21LbGYvjeLpZZB6lfZ1BPwifHALGO6oIbyC3CmJe,Century need other into agreement.,Morrisberg
stephanie20@farmer.org,joshua19,$2b$12$Q1PUFjhN/AWRQ21LbGYvjeLpZZB6lfZ1BPwifHALGO6oIbyC3CmJe,Themselves step whole sing room place.,East Kimberlyberg
elynch@barnett.com,melanie36,$2b$12$Q1PUFjhN/AWRQ21LbGYvjeLpZZB6lfZ1BPwifHALGO6oIbyC3CmJe,Move interesting chance alone risk.,Vazquezview
sabrina30@gmail.com,trujillojennifer,$2b$12$Q1PUFjhN/AWRQ21LbGYvjeLpZZB6lfZ1BPwifHALGO6oIbyC3CmJe,Choice matter table summer.,Johnside
michaelhernandez@yahoo.com,cmata,$2b$12$Q1PUFjhN/AWRQ21LbGYvjeLpZZB6lfZ1BPwifHALGO6oIbyC3CmJe,Drug know recognize indeed stage experience do simple.,South Veronica
hoffmankimberly@hotmail.com,stuartdenise,$2b$12$Q1PUFjhN/AWRQ21LbGYvjeLpZZB6lfZ1BPwifHALGO6oIbyC3CmJe,Participant baby over would join finally little whom.,West Michael
otorres@gmail.com,zmorgan,$2b$12$Q1PUFjhN/AWRQ21LbGYvjeLpZZB6lfZ1BPwifHALGO6oIbyC3CmJe,Along system every move role information student rate.,Lake Bobmouth
barnettmichael@torres.com,ksanders,$2b$12$Q1PUFjhN/AWRQ21LbGYvjeLpZZB6lfZ1BPwifHALGO6oIbyC3CmJe,Participant court responsibility the water short reflect available.,Markberg
fbuchanan@byrd-alexander.com,paul55,$2b$12$Q1PUFjhN/AWRQ21LbGYvjeLpZZB6lfZ1BPwifHALGO6oIbyC3CmJe,Rise worker quite nor look.,Michelefort
timothy18@hotmail.com,wcannon,$2b$12$Q1PUFjhN/AWRQ21LbGYvjeLpZZB6lfZ1BPwifHALGO6oIbyC3CmJe,Arrive care start team point marriage heart.,Williamsshire
debrabrewer@garcia.org,moodytracy,$2b$12$Q1PUFjhN/AWRQ21LbGYvjeLpZZB6lfZ1BPwifHALGO6oIbyC3CmJe,If good policy car away image save.,Whiteshire
phillipsjean@stout.com,erika28,$2b$12$Q1PUFjhN/AWRQ21LbGYvjeLpZZB6lfZ1BPwifHALGO6oIbyC3CmJe,Culture have computer future gas fall never fact.,East Kevinfort
wmiller@hotmail.com,pkeller,$2b$12$Q1PUFjhN/AWRQ21LbGYvjeLpZZB6lfZ1BPwifHALGO6oIbyC3CmJe,Capital fly task guess per card.,New Stephanie
pamelajenkins@jacobson-carlson.org,acooke,$2b$12$Q1PUFjhN/AWRQ21LbGYvjeLpZZB6lfZ1BPwifHALGO6oIbyC3CmJe,Hair sport house blue director.,North Megan
bperez@moore.com,reesetammy,$2b$12$Q1PUFjhN/AWRQ21LbGYvjeLpZZB6lfZ1BPwifHALGO6oIbyC3CmJe,Such probably onto key power deep nice race.,Dawnton
joel44@yahoo.com,johnmiller,$2b$12$Q1PUFjhN/AWRQ21LbGYvjeLpZZB6lfZ1BPwifHALGO6oIbyC3CmJe,Inside suddenly stay black green through.,North Bobby
bedwards@morris.com,stacey55,$2b$12$Q1PUFjhN/AWRQ21LbGYvjeLpZZB6lfZ1BPwifHALGO6oIbyC3CmJe,Them produce carry consider bank even.,Rogerstown
kylemaldonado@yahoo.com,yatesjacob,$2b$12$Q1PUFjhN/AWRQ21LbGYvjeLpZZB6lfZ1BPwifHALGO6oIbyC3CmJe,Network board magazine behavior.,South Ronaldhaven
edward85@schwartz.com,gina40,$2b$12$Q1PUFjhN/AWRQ21LbGYvjeLpZZB6lfZ1BPwifHALGO6oIbyC3CmJe,Who instead argue sign bed.,South Laceyville
howardjennifer@mccullough.com,jturner,$2b$12$Q1PUFjhN/AWRQ21LbGYvjeLpZZB6lfZ1BPwifHALGO6oIbyC3CmJe,Model system history dog again head alone.,Mccoyton
murphyjason@gmail.com,samanthacruz,$2b$12$Q1PUFjhN/AWRQ21LbGYvjeLpZZB6lfZ1BPwifHALGO6oIbyC3CmJe,Pull bill walk attack move data.,East Tanya
ralph85@yahoo.com,joshuabyrd,$2b$12$Q1PUFjhN/AWRQ21LbGYvjeLpZZB6lfZ1BPwifHALGO6oIbyC3CmJe,Case anyone member personal.,Reyesburgh
hsmith@hotmail.com,christopher53,$2b$12$Q1PUFjhN/AWRQ21LbGYvjeLpZZB6lfZ1BPwifHALGO6oIbyC3CmJe,Need condition image state.,West Devinville
taylor07@hotmail.com,lorikaiser,$2b$12$Q1PUFjhN/AWRQ21LbGYvjeLpZZB6lfZ1BPwifHALGO6oIbyC3CmJe,Never ready feeling half hope evidence because.,Briggsborough
zmoore@yahoo.com,joshua97,$2b$12$Q1PUFjhN/AWRQ21LbGYvjeLpZZB6lfZ1BPwifHALGO6oIbyC3CmJe,Space fast away provide top task concern.,South Shawn
andreahayes@gmail.com,randolphstephanie,$2b$12$Q1PUFjhN/AWRQ21LbGYvjeLpZZB6lfZ1BPwifHALGO6oIbyC3CmJe,Force several section anyone hit Republican.,Jodybury
wsmith@porter.info,fsmith,$2b$12$Q1PUFjhN/AWRQ21LbGYvjeLpZZB6lfZ1BPwifHALGO6oIbyC3CmJe,Return public now difficult even less.,Stevensonton
daniel41@ortega.com,smithrose,$2b$12$Q1PUFjhN/AWRQ21LbGYvjeLpZZB6lfZ1BPwifHALGO6oIbyC3CmJe,It seat support nor focus into perhaps.,New Roberto
aaron69@yahoo.com,christopher71,$2b$12$Q1PUFjhN/AWRQ21LbGYvjeLpZZB6lfZ1BPwifHALGO6oIbyC3CmJe,Before education image order system bag.,New Edward
taylorrichard@smith-vargas.com,vhamilton,$2b$12$Q1PUFjhN/AWRQ21LbGYvjeLpZZB6lfZ1BPwifHALGO6oIbyC3CmJe,Clear material action edge must.,East Austin
moniquechavez@brown.com,lukemorris,$2b$12$Q1PUFjhN/AWRQ21LbGYvjeLpZZB6lfZ1BPwifHALGO6oIbyC3CmJe,Return nor ask response sing peace training.,Mariahville
andrea77@gmail.com,alexis40,$2b$12$Q1PUFjhN/AWRQ21LbGYvjeLpZZB6lfZ1BPwifHALGO6oIbyC3CmJe,Stay without also fear discussion.,New Brianbury
pburgess@yahoo.com,evansmartha,$2b$12$Q1PUFjhN/AWRQ21LbGYvjeLpZZB6lfZ1BPwifHALGO6oIbyC3CmJe,Especially three really such feel around.,Port Melissaborough
mark62@gmail.com,michaelflores,$2b$12$Q1PUFjhN/AWRQ21LbGYvjeLpZZB6lfZ1BPwifHALGO6oIbyC3CmJe,Camera create south future vote skin how yeah.,Collinhaven
millerjeffrey@gmail.com,tannermark,$2b$12$Q1PUFjhN/AWRQ21LbGYvjeLpZZB6lfZ1BPwifHALGO6oIbyC3CmJe,Agree possible arm suggest open affect movement ball.,Emilyburgh
brentgrimes@moore.com,hollyjones,$2b$12$Q1PUFjhN/AWRQ21LbGYvjeLpZZB6lfZ1BPwifHALGO6oIbyC3CmJe,Big research society writer new.,New Leeview
deborah37@gmail.com,xbarton,$2b$12$Q1PUFjhN/AWRQ21LbGYvjeLpZZB6lfZ1BPwifHALGO6oIbyC3CmJe,Kitchen moment friend environment success same specific.,South Tamara
youngmary@rivas-wu.info,petersenjo,$2b$12$Q1PUFjhN/AWRQ21LbGYvjeLpZZB6lfZ1BPwifHALGO6oIbyC3CmJe,Image kitchen my whatever.,Kellyberg
rhodeskaitlyn@barnes.net,josephwright,$2b$12$Q1PUFjhN/AWRQ21LbGYvjeLpZZB6lfZ1BPwifHALGO6oIbyC3CmJe,Back up beyond star tax together.,Kristinamouth
scottashley@gmail.com,lfreeman,$2b$12$Q1PUFjhN/AWRQ21LbGYvjeLpZZB6lfZ1BPwifHALGO6oIbyC3CmJe,Continue hotel soon and item phone.,North Herbertshire
gbruce@shepherd.com,sanchezvictoria,$2b$12$Q1PUFjhN/AWRQ21LbGYvjeLpZZB6lfZ1BPwifHALGO6oIbyC3CmJe,Both statement laugh by.,Johnsonfort
susan35@petersen.com,cristinahernandez,$2b$12$Q1PUFjhN/AWRQ21LbGYvjeLpZZB6lfZ1BPwifHALGO6oIbyC3CmJe,Course agreement probably attention eight general.,Tinaborough
krystal18@gmail.com,michael21,$2b$12$Q1PUFjhN/AWRQ21LbGYvjeLpZZB6lfZ1BPwifHALGO6oIbyC3CmJe,On animal modern especially pull get.,Port Daniel
williamsandrew@hotmail.com,diaznathan,$2b$12$Q1PUFjhN/AWRQ21LbGYvjeLpZZB6lfZ1BPwifHALGO6oIbyC3CmJe,Open ability activity process establish stand already.,New Christopherborough
kyliegarcia@montgomery.org,garycole,$2b$12$Q1PUFjhN/AWRQ21LbGYvjeLpZZB6lfZ1BPwifHALGO6oIbyC3CmJe,Question pass heart my goal them.,Grossport
wattslauren@watts-wright.com,andrewmorris,$2b$12$Q1PUFjhN/AWRQ21LbGYvjeLpZZB6lfZ1BPwifHALGO6oIbyC3CmJe,Expert when use him there trouble.,Lake Robert
molly60@gardner-jordan.com,jaclynellison,$2b$12$Q1PUFjhN/AWRQ21LbGYvjeLpZZB6lfZ1BPwifHALGO6oIbyC3CmJe,Century under campaign.,Port Katrinafurt
anthony78@yahoo.com,jennifer94,$2b$12$Q1PUFjhN/AWRQ21LbGYvjeLpZZB6lfZ1BPwifHALGO6oIbyC3CmJe,Magazine to event year cause message stuff.,South Latasha
kristopherbanks@gmail.com,werneremily,$2b$12$Q1PUFjhN/AWRQ21LbGYvjeLpZZB6lfZ1BPwifHALGO6oIbyC3CmJe,Social company light attack remember.,Nancyfort
jasonjohnson@terrell.com,johnwells,$2b$12$Q1PUFjhN/AWRQ21LbGYvjeLpZZB6lfZ1BPwifHALGO6oIbyC3CmJe,Debate seat finish subject south policy green authority.,North Donaldmouth
markadams@hernandez-hill.info,qlee,$2b$12$Q1PUFjhN/AWRQ21LbGYvjeLpZZB6lfZ1BPwifHALGO6oIbyC3CmJe,Imagine would open send security quite.,Stephanietown
robinsondrew@gonzalez-boyer.com,theresaburgess,$2b$12$Q1PUFjhN/AWRQ21LbGYvjeLpZZB6lfZ1BPwifHALGO6oIbyC3CmJe,Major national chair at.,Port Samuelfort
alexiskelley@yahoo.com,lgreer,$2b$12$Q1PUFjhN/AWRQ21LbGYvjeLpZZB6lfZ1BPwifHALGO6oIbyC3CmJe,Sport capital since behind world firm.,Yangborough
jeffrey00@ramirez.com,blakeroberson,$2b$12$Q1PUFjhN/AWRQ21LbGYvjeLpZZB6lfZ1BPwifHALGO6oIbyC3CmJe,Have market kid.,Murrayburgh
qbooth@hotmail.com,alexander63,$2b$12$Q1PUFjhN/AWRQ21LbGYvjeLpZZB6lfZ1BPwifHALGO6oIbyC3CmJe,Game interesting wind game staff Mr picture purpose.,Ericton
avazquez@gmail.com,jennifervang,$2b$12$Q1PUFjhN/AWRQ21LbGYvjeLpZZB6lfZ1BPwifHALGO6oIbyC3CmJe,Leave difference off whole design those look.,Christopherstad
cookchristine@anderson-murphy.com,blakepoole,$2b$12$Q1PUFjhN/AWRQ21LbGYvjeLpZZB6lfZ1BPwifHALGO6oIbyC3CmJe,Size hotel performance look process player.,Lake Scott
christopherchan@hotmail.com,seanprice,$2b$12$Q1PUFjhN/AWRQ21LbGYvjeLpZZB6lfZ1BPwifHALGO6oIbyC3CmJe,Even answer whether around me general move animal.,Aprilside
gaguilar@yahoo.com,michaelsims,$2b$12$Q1PUFjhN/AWRQ21LbGYvjeLpZZB6lfZ1BPwifHALGO6oIbyC3CmJe,Majority his everybody.,Bakerfurt
shanesteele@anderson-reynolds.com,garzachristopher,$2b$12$Q1PUFjhN/AWRQ21LbGYvjeLpZZB6lfZ1BPwifHALGO6oIbyC3CmJe,National few road wall democratic nation series.,Port Crystalhaven
larrycohen@yahoo.com,kramereric,$2b$12$Q1PUFjhN/AWRQ21LbGYvjeLpZZB6lfZ1BPwifHALGO6oIbyC3CmJe,Still prepare seem data carry they southern.,East Amy
ntrevino@martinez.com,zward,$2b$12$Q1PUFjhN/AWRQ21LbGYvjeLpZZB6lfZ1BPwifHALGO6oIbyC3CmJe,Rock tend benefit oil require spend her finally.,South Philip
pjohnson@gmail.com,erichorn,$2b$12$Q1PUFjhN/AWRQ21LbGYvjeLpZZB6lfZ1BPwifHALGO6oIbyC3CmJe,Yard address degree present clear management.,East Michaelhaven
jasonatkins@yates-james.com,moorerandy,$2b$12$Q1PUFjhN/AWRQ21LbGYvjeLpZZB6lfZ1BPwifHALGO6oIbyC3CmJe,Away theory consumer how until kitchen.,East Nicolas
tiffanygarcia@hotmail.com,clewis,$2b$12$Q1PUFjhN/AWRQ21LbGYvjeLpZZB6lfZ1BPwifHALGO6oIbyC3CmJe,Technology rule together similar week walk.,Turnerburgh
danielnewman@hotmail.com,michelle82,$2b$12$Q1PUFjhN/AWRQ21LbGYvjeLpZZB6lfZ1BPwifHALGO6oIbyC3CmJe,Reason recently owner work significant personal.,Port Erinhaven
daniel13@jordan.com,gregory24,$2b$12$Q1PUFjhN/AWRQ21LbGYvjeLpZZB6lfZ1BPwifHALGO6oIbyC3CmJe,Financial direction dream debate too.,Phillipsview
ldickerson@banks.com,valerie33,$2b$12$Q1PUFjhN/AWRQ21LbGYvjeLpZZB6lfZ1BPwifHALGO6oIbyC3CmJe,Interesting there well specific drive finish.,Waynemouth
tjohnson@ross-hess.com,joannehall,$2b$12$Q1PUFjhN/AWRQ21LbGYvjeLpZZB6lfZ1BPwifHALGO6oIbyC3CmJe,Range difficult site seek.,East Ricardoshire
ashley08@neal.com,roberta83,$2b$12$Q1PUFjhN/AWRQ21LbGYvjeLpZZB6lfZ1BPwifHALGO6oIbyC3CmJe,Enter machine ahead high.,North Stephanieberg
jacobsnow@hotmail.com,steven82,$2b$12$Q1PUFjhN/AWRQ21LbGYvjeLpZZB6lfZ1BPwifHALGO6oIbyC3CmJe,Skill option experience.,Audreyhaven
igomez@yahoo.com,mary58,$2b$12$Q1PUFjhN/AWRQ21LbGYvjeLpZZB6lfZ1BPwifHALGO6oIbyC3CmJe,Minute economy recognize as company such myself.,New Donnahaven
ayalathomas@smith.info,mjackson,$2b$12$Q1PUFjhN/AWRQ21LbGYvjeLpZZB6lfZ1BPwifHALGO6oIbyC3CmJe,Low send little young weight let image speech.,West Anitaville
georgejon@baker.com,antonio78,$2b$12$Q1PUFjhN/AWRQ21LbGYvjeLpZZB6lfZ1BPwifHALGO6oIbyC3CmJe,Action true water another.,East George
rodriguezkaren@gmail.com,william80,$2b$12$Q1PUFjhN/AWRQ21LbGYvjeLpZZB6lfZ1BPwifHALGO6oIbyC3CmJe,Event law town environment life remember model.,East Melinda